<?xml version="1.0"?>

<!-- $Id$ -->

<!DOCTYPE module PUBLIC
    "-//Puppy Crawl//DTD Check Configuration 1.1//EN"
    "http://www.puppycrawl.com/dtds/configuration_1_1.dtd">


<module name="Checker">

    <!-- Checks whether files end with a new line.                        -->
    <!-- See http://checkstyle.sf.net/config_misc.html#NewlineAtEndOfFile -->
    <!--<module name="NewlineAtEndOfFile"/>-->

    <!-- Checks that property files contain the same keys.         -->
    <!-- See http://checkstyle.sf.net/config_misc.html#Translation -->
    <module name="Translation"/>
    
        <!-- Checks for duplicate code, from copy and paste-->
    <module name="StrictDuplicateCode">
        <property name="min" value="20"/>
    </module>    

    <module name="TreeWalker">

        <property name="cacheFile" value="${checkstyle.cache.file}"/>

        <!-- ************************************************************** -->
        <!-- Checks that are different from the sun coding conventions ones -->
        <!-- ************************************************************** -->
<!--        <module name="Header">
            <property name="headerFile" value="${basedir}/LICENSE.txt"/>
            <property name="ignoreLines" value="1,2,3,4,5,6"/>
        </module>
-->        
        <property name="tabWidth" value="4"/>
        <module name="LeftCurly">
          <property name="option" value="eol"/>
        </module>
        <module name="RightCurly">
          <property name="option" value="alone"/>
          <property name="tokens" value="LITERAL_ELSE"/>
        </module>
        <module name="LineLength">
          <property name="max" value="175"/>
        </module>
        <!-- No Paren pad check
        <module name="ParenPad"/>
        -->
        <module name="ConstantName">
          <property name="format" value="log|^[a-zA-Z][a-zA-Z0-9_]*$"/>
        </module>
        
        <!-- ************************************************************** -->
        <!-- Default Sun coding conventions checks                          -->
        <!-- ************************************************************** -->

        <!-- Checks for Javadoc comments.                     -->
        <!-- See http://checkstyle.sf.net/config_javadoc.html -->
        <module name="JavadocMethod">
            <property name="scope" value="public"/>
            <property name="allowUndeclaredRTE" value="true"/>
            <property name="allowMissingParamTags" value="false"/>
        </module>
        
        <module name="JavadocType">
            <property name="authorFormat" value="\S"/>
        </module>
        
        <module name="JavadocVariable"/>

        <module name="JavadocStyle"/>

        <!-- Checks for Naming Conventions.                  -->
        <!-- See http://checkstyle.sf.net/config_naming.html -->
        <module name="LocalFinalVariableName"/>
        <module name="LocalVariableName"/>
        <module name="MethodName"/>
        <module name="PackageName"/>
        <module name="ParameterName"/>
        <module name="StaticVariableName"/>
        <module name="TypeName"/>
        <module name="MemberName"/>

        <!-- Checks for imports                              -->
        <!-- See http://checkstyle.sf.net/config_import.html -->
        <module name="AvoidStarImport"/>
        <module name="IllegalImport"/> <!-- defaults to sun.* packages -->
        <module name="RedundantImport"/>
        <module name="UnusedImports"/>


        <!-- Checks for Size Violations.                    -->
        <!-- See http://checkstyle.sf.net/config_sizes.html -->
        <module name="FileLength">
            <property name="max" value="1500"/>
        </module> 
        
        <module name="MethodLength">
           <property name="tokens" value="METHOD_DEF"/>
           <property name="max" value="30"/>
           <property name="countEmpty" value="false"/>
        </module>         
        
        <module name="AnonInnerLength">
              <property name="max" value="40"/>
        </module>         
        
        <module name="ParameterNumber"/>


        <!-- Checks for whitespace                               -->
        <!-- See http://checkstyle.sf.net/config_whitespace.html -->
        <module name="EmptyForIteratorPad"/>
        <module name="NoWhitespaceAfter"/>
        <module name="NoWhitespaceBefore"/>
        <module name="OperatorWrap"/>
       <!-- <module name="TabCharacter"/> -->
        <module name="WhitespaceAfter"/>
        <module name="WhitespaceAround"/>


        <!-- Modifier Checks                                    -->
        <!-- See http://checkstyle.sf.net/config_modifiers.html -->
        <module name="ModifierOrder"/>
        <module name="RedundantModifier"/>


        <!-- Checks for blocks. You know, those {}'s         -->
        <!-- See http://checkstyle.sf.net/config_blocks.html -->
        <module name="AvoidNestedBlocks"/>
        <module name="EmptyBlock"/>
        
        <module name="NeedBraces"/>


        <!-- Checks for common coding problems               -->
        <!-- See http://checkstyle.sf.net/config_coding.html -->
        <module name="AvoidInlineConditionals"/>
        <module name="DoubleCheckedLocking"/>
        <module name="EmptyStatement"/>
        <module name="EqualsHashCode"/>
        <module name="HiddenField"/>
        <module name="IllegalInstantiation"/>
        <module name="InnerAssignment"/>
        <module name="MagicNumber"/>
        <module name="MissingSwitchDefault"/>
        <module name="RedundantThrows"/>
        <module name="SimplifyBooleanExpression"/>
        <module name="SimplifyBooleanReturn"/>

        <!-- Checks for class design                         -->
        <!-- See http://checkstyle.sf.net/config_design.html -->
        <module name="DesignForExtension"/>
        <module name="FinalClass"/>
        <module name="HideUtilityClassConstructor"/>
        <module name="InterfaceIsType"/>
        <module name="VisibilityModifier"/>


        <!-- Miscellaneous other checks.                   -->
        <!-- See http://checkstyle.sf.net/config_misc.html -->
        <module name="ArrayTypeStyle"/>
        <module name="FinalParameters"/>
        <!--
                    <module name="GenericIllegalRegexp">
                        <property name="format" value="\s+$"/>
                        <property name="message" value="Line has trailing spaces."/>
                    </module>
                    -->
        <module name="TodoComment"/>
        <module name="UpperEll"/>
    </module>

</module>
